[
    {
        "province": "Daerah Istimewa Aceh",
        "city": "Kabupaten Bener Meriah",
        "capital": "Simpang Tiga Redelong",
        "sni_code": "STR"
    },
    {
        "province": "Daerah Istimewa Aceh",
        "city": "Kabupaten Pidie Jaya",
        "capital": "Meureundu",
        "sni_code": "MRN"
    },
    {
        "province": "Daerah Istimewa Aceh",
        "city": "Kota Banda Aceh",
        "capital": "Banda Aceh",
        "sni_code": "BNA"
    },
    {
        "province": "Daerah Istimewa Aceh",
        "city": "Kota Sabang",
        "capital": "Sabang",
        "sni_code": "SAB"
    },
    {
        "province": "Daerah Istimewa Aceh",
        "city": "Kota Lhokseumawe",
        "capital": "Lhokseumawe",
        "sni_code": "LSM"
    },
    {
        "province": "Daerah Istimewa Aceh",
        "city": "Kota Langsa",
        "capital": "Langsa",
        "sni_code": "LGS"
    },
    {
        "province": "Daerah Istimewa Aceh",
        "city": "Kota Subulussalam",
        "capital": "Subulussalam",
        "sni_code": "SUS"
    },
    {
        "province": "Sumatera Utara",
        "city": "Kabupaten Tapanuli Tengah",
        "capital": "Sibolga",
        "sni_code": "SBG"
    },
    {
        "province": "Sumatera Utara",
        "city": "Kabupaten Tapanuli Utara",
        "capital": "Tarutung",
        "sni_code": "TRT"
    },
    {
        "province": "Sumatera Utara",
        "city": "Kabupaten Tapanuli Selatan",
        "capital": "Padang Sidempuan",
        "sni_code": "PSP"
    },
    {
        "province": "Sumatera Utara",
        "city": "Kabupaten Nias",
        "capital": "Gunungsitoli",
        "sni_code": "GST"
    },
    {
        "province": "Sumatera Utara",
        "city": "Kabupaten Langkat",
        "capital": "Stabat",
        "sni_code": "STB"
    },
    {
        "province": "Sumatera Utara",
        "city": "Kabupaten Karo",
        "capital": "Kabanjahe",
        "sni_code": "KBJ"
    },
    {
        "province": "Sumatera Utara",
        "city": "Kabupaten Deli Serdang",
        "capital": "Lubuk Pakam",
        "sni_code": "LBP"
    },
    {
        "province": "Sumatera Utara",
        "city": "Kabupaten Simalungun",
        "capital": "Pematang Siantar",
        "sni_code": "PMS"
    },
    {
        "province": "Sumatera Utara",
        "city": "Kabupaten Asahan",
        "capital": "Kisaran",
        "sni_code": "KIS"
    },
    {
        "province": "Sumatera Utara",
        "city": "Kabupaten Labuhanbatu",
        "capital": "Rantau Prapat",
        "sni_code": "RAP"
    },
    {
        "province": "Sumatera Utara",
        "city": "Kabupaten Dairi",
        "capital": "Sidikalang",
        "sni_code": "SDK"
    },
    {
        "province": "Sumatera Utara",
        "city": "Kabupaten Toba Samosir",
        "capital": "Balige",
        "sni_code": "BLG"
    },
    {
        "province": "Sumatera Utara",
        "city": "Kabupaten Mandailing Natal",
        "capital": "Panyabungan",
        "sni_code": "PYB"
    },
    {
        "province": "Sumatera Utara",
        "city": "Kabupaten Nias Selatan",
        "capital": "Teluk Dalam",
        "sni_code": "TLD"
    },
    {
        "province": "Sumatera Utara",
        "city": "Kabupaten Pakpak Bharat",
        "capital": "Salak",
        "sni_code": "SAL"
    },
    {
        "province": "Sumatera Utara",
        "city": "Kabupaten Humbang Hasundutan",
        "capital": "Dolok Sanggul",
        "sni_code": "DLS"
    },
    {
        "province": "Sumatera Utara",
        "city": "Kabupaten Samosir",
        "capital": "Pangururan",
        "sni_code": "PRR"
    },
    {
        "province": "Sumatera Utara",
        "city": "Kabupaten Serdang Bedagai",
        "capital": "Sei Rampah",
        "sni_code": "SRH"
    },
    {
        "province": "Sumatera Utara",
        "city": "Kabupaten Batu Bara",
        "capital": "Lima Puluh",
        "sni_code": "LMP"
    },
    {
        "province": "Sumatera Utara",
        "city": "Kabupaten Padang Lawas Utara",
        "capital": "Gunung Tua",
        "sni_code": "GNT"
    },
    {
        "province": "Sumatera Utara",
        "city": "Kabupaten Padang Lawas",
        "capital": "Sibuhuan",
        "sni_code": "SBH"
    },
    {
        "province": "Sumatera Utara",
        "city": "Kabupaten Labuhanbatu Selatan",
        "capital": "Kota Pinang",
        "sni_code": "KPI"
    },
    {
        "province": "Sumatera Utara",
        "city": "Kabupaten Labuhanbatu Utara",
        "capital": "Aek Kanopan",
        "sni_code": "AKK"
    },
    {
        "province": "Sumatera Utara",
        "city": "Kabupaten Nias Utara",
        "capital": "Lotu",
        "sni_code": "LTU"
    },
    {
        "province": "Sumatera Utara",
        "city": "Kabupaten Nias Barat",
        "capital": "Lahomi",
        "sni_code": "LHM"
    },
    {
        "province": "Sumatera Utara",
        "city": "Kota Medan",
        "capital": "Medan",
        "sni_code": "MDN"
    },
    {
        "province": "Sumatera Utara",
        "city": "Kota Pematangsiantar",
        "capital": "Pematangsiantar",
        "sni_code": "PMS"
    },
    {
        "province": "Sumatera Utara",
        "city": "Kota Sibolga",
        "capital": "Sibolga",
        "sni_code": "SBG"
    },
    {
        "province": "Sumatera Utara",
        "city": "Kota Tanjung Balai",
        "capital": "Tanjung Balai",
        "sni_code": "TJB"
    },
    {
        "province": "Sumatera Utara",
        "city": "Kota Binjai",
        "capital": "Binjai",
        "sni_code": "BNJ"
    },
    {
        "province": "Sumatera Utara",
        "city": "Kota Tebing Tinggi",
        "capital": "Tebing Tinggi",
        "sni_code": "TBT"
    },
    {
        "province": "Sumatera Utara",
        "city": "Kota Padang Sidempuan",
        "capital": "Padang Sidempuan",
        "sni_code": "PSP"
    },
    {
        "province": "Sumatera Utara",
        "city": "Kota Gunungsitoli",
        "capital": "Gunungsitoli",
        "sni_code": "GST"
    },
    {
        "province": "Sumatera Barat",
        "city": "Kabupaten Pesisir Selatan",
        "capital": "Painan",
        "sni_code": "PNN"
    },
    {
        "province": "Sumatera Barat",
        "city": "Kabupaten Solok",
        "capital": "Arosuka",
        "sni_code": "ARS"
    },
    {
        "province": "Sumatera Barat",
        "city": "Kabupaten Sijunjung",
        "capital": "Muaro Sijunjung",
        "sni_code": "MRJ"
    },
    {
        "province": "Sumatera Barat",
        "city": "Kabupaten Tanah Datar",
        "capital": "Batusangkar",
        "sni_code": "BSK"
    },
    {
        "province": "Sumatera Barat",
        "city": "Kabupaten Padang Pariaman",
        "capital": "Nagari Parit Malintang",
        "sni_code": "NPM"
    },
    {
        "province": "Sumatera Barat",
        "city": "Kabupaten Agam",
        "capital": "Lubuk Basung",
        "sni_code": "LBB"
    },
    {
        "province": "Sumatera Barat",
        "city": "Kabupaten Lima Puluh Kota",
        "capital": "Sarilamak",
        "sni_code": "SRK"
    },
    {
        "province": "Sumatera Barat",
        "city": "Kabupaten Pasaman",
        "capital": "Lubuk Sikaping",
        "sni_code": "LBS"
    },
    {
        "province": "Sumatera Barat",
        "city": "Kabupaten Kepulauan Mentawai",
        "capital": "Tuapejat",
        "sni_code": "TPT"
    },
    {
        "province": "Sumatera Barat",
        "city": "Kabupaten Dharmasraya",
        "capital": "Pulau Punjung",
        "sni_code": "PLJ"
    },
    {
        "province": "Sumatera Barat",
        "city": "Kabupaten Solok Selatan",
        "capital": "Padang Aro",
        "sni_code": "PDA"
    },
    {
        "province": "Sumatera Barat",
        "city": "Kabupaten Pasaman Barat",
        "capital": "Simpang Empat",
        "sni_code": "SPE"
    },
    {
        "province": "Sumatera Barat",
        "city": "Kota Padang",
        "capital": "Padang",
        "sni_code": "PAD"
    },
    {
        "province": "Sumatera Barat",
        "city": "Kota Solok",
        "capital": "Solok",
        "sni_code": "SLK"
    },
    {
        "province": "Sumatera Barat",
        "city": "Kota Sawahlunto",
        "capital": "Sawahlunto",
        "sni_code": "SWL"
    },
    {
        "province": "Sumatera Barat",
        "city": "Kota Padang Panjang",
        "capital": "Padang Panjang",
        "sni_code": "PDP"
    },
    {
        "province": "Sumatera Barat",
        "city": "Kota Bukittinggi",
        "capital": "Bukittinggi",
        "sni_code": "BKT"
    },
    {
        "province": "Sumatera Barat",
        "city": "Kota Payakumbuh",
        "capital": "Payakumbuh",
        "sni_code": "PYH"
    },
    {
        "province": "Sumatera Barat",
        "city": "Kota Pariaman",
        "capital": "Pariaman",
        "sni_code": "PMN"
    },
    {
        "province": "Riau",
        "city": "Kabupaten Kampar",
        "capital": "Bangkinang",
        "sni_code": "BKN"
    },
    {
        "province": "Riau",
        "city": "Kabupaten Indragiri Hulu",
        "capital": "Rengat",
        "sni_code": "RGT"
    },
    {
        "province": "Riau",
        "city": "Kabupaten Bengkalis",
        "capital": "Bengkalis",
        "sni_code": "BLS"
    },
    {
        "province": "Riau",
        "city": "Kabupaten Indragiri Hilir",
        "capital": "Tembilahan",
        "sni_code": "TBH"
    },
    {
        "province": "Riau",
        "city": "Kabupaten Pelalawan",
        "capital": "Pangkalan Kerinci",
        "sni_code": "PKK"
    },
    {
        "province": "Riau",
        "city": "Kabupaten Rokan Hulu",
        "capital": "Pasir Pengarairan",
        "sni_code": "PRP"
    },
    {
        "province": "Riau",
        "city": "Kabupaten Rokan Hilir",
        "capital": "Ujung Tanjung",
        "sni_code": "UJT"
    },
    {
        "province": "Riau",
        "city": "Kabupaten Siak",
        "capital": "Siak Sriindrapura",
        "sni_code": "SAK"
    },
    {
        "province": "Riau",
        "city": "Kabupaten Kuantan Singingi",
        "capital": "Teluk Kuantan",
        "sni_code": "TLK"
    },
    {
        "province": "Riau",
        "city": "Kabupaten Kepulauan Meranti",
        "capital": "Tebing Tinggi",
        "sni_code": "TTG"
    },
    {
        "province": "Riau",
        "city": "Kota Pekanbaru",
        "capital": "Pekanbaru",
        "sni_code": "PBR"
    },
    {
        "province": "Riau",
        "city": "Kota Dumai",
        "capital": "Dumai",
        "sni_code": "DUM"
    },
    {
        "province": "Jambi",
        "city": "Kabupaten Kerinci",
        "capital": "Sungai Penuh",
        "sni_code": "SPN"
    },
    {
        "province": "Jambi",
        "city": "Kabupaten Merangin",
        "capital": "Bangko",
        "sni_code": "BKO"
    },
    {
        "province": "Jambi",
        "city": "Kabupaten Sarolangun",
        "capital": "Sarolangun",
        "sni_code": "SRL"
    },
    {
        "province": "Jambi",
        "city": "Kabupaten Batanghari",
        "capital": "Muara Bulian",
        "sni_code": "MBN"
    },
    {
        "province": "Jambi",
        "city": "Kabupaten Muaro Jambi",
        "capital": "Sengeti",
        "sni_code": "SNT"
    },
    {
        "province": "Jambi",
        "city": "Kabupaten Tanjung Jabung Barat",
        "capital": "Kuala Tungkal",
        "sni_code": "KLT"
    },
    {
        "province": "Jambi",
        "city": "Kabupaten Tanjung Jabung Timur",
        "capital": "Muara Sabak",
        "sni_code": "MSK"
    },
    {
        "province": "Jambi",
        "city": "Kabupaten Bungo",
        "capital": "Muara Bungo",
        "sni_code": "MRB"
    },
    {
        "province": "Jambi",
        "city": "Kabupaten Tebo",
        "capital": "Muara Tebo",
        "sni_code": "MRT"
    },
    {
        "province": "Jambi",
        "city": "Kota Jambi",
        "capital": "Jambi",
        "sni_code": "JMB"
    },
    {
        "province": "Jambi",
        "city": "Kota Sungai Penuh",
        "capital": "Sungai Penuh",
        "sni_code": "SPN"
    },
    {
        "province": "Sumatera Selatan",
        "city": "Kabupaten Ogan Komering Ulu",
        "capital": "Baturaja",
        "sni_code": "BTA"
    },
    {
        "province": "Sumatera Selatan",
        "city": "Kabupaten Ogan Komering Ilir",
        "capital": "Kayu Agung",
        "sni_code": "KAG"
    },
    {
        "province": "Sumatera Selatan",
        "city": "Kabupaten Muara Enim",
        "capital": "Muara Enim",
        "sni_code": "MRE"
    },
    {
        "province": "Sumatera Selatan",
        "city": "Kabupaten Lahat",
        "capital": "Lahat",
        "sni_code": "LHT"
    },
    {
        "province": "Sumatera Selatan",
        "city": "Kabupaten Musi Rawas",
        "capital": "Muarabeliti",
        "sni_code": "MBL"
    },
    {
        "province": "Sumatera Selatan",
        "city": "Kabupaten Musi Banyuasin",
        "capital": "Sekayu",
        "sni_code": "SKY"
    },
    {
        "province": "Sumatera Selatan",
        "city": "Kabupaten Banyuasin",
        "capital": "Pangkalan Balai",
        "sni_code": "PKB"
    },
    {
        "province": "Sumatera Selatan",
        "city": "Kabupaten Oku Timur",
        "capital": "Martapura",
        "sni_code": "MPR"
    },
    {
        "province": "Sumatera Selatan",
        "city": "Kabupaten Oku Selatan",
        "capital": "Muaradua",
        "sni_code": "MRD"
    },
    {
        "province": "Sumatera Selatan",
        "city": "Kabupaten Ogan Ilir",
        "capital": "Indralaya",
        "sni_code": "IDL"
    },
    {
        "province": "Sumatera Selatan",
        "city": "Kabupaten Empat Lawang",
        "capital": "Tebing Tinggi",
        "sni_code": "TBG"
    },
    {
        "province": "Sumatera Selatan",
        "city": "Kota Palembang",
        "capital": "Pelembang",
        "sni_code": "PLG"
    },
    {
        "province": "Sumatera Selatan",
        "city": "Kota Pagar Alam",
        "capital": "Pagar Alam",
        "sni_code": "PGA"
    },
    {
        "province": "Sumatera Selatan",
        "city": "Kota Lubuk Linggau",
        "capital": "Lubuk Linggau",
        "sni_code": "LLG"
    },
    {
        "province": "Sumatera Selatan",
        "city": "Kota Prabumulih",
        "capital": "Prabumulih",
        "sni_code": "PBM"
    },
    {
        "province": "Bengkulu",
        "city": "Kabupaten Bengkulu Selatan",
        "capital": "Manna",
        "sni_code": "MNA"
    },
    {
        "province": "Bengkulu",
        "city": "Kabupaten Rejang Lebong",
        "capital": "Curup",
        "sni_code": "CRP"
    },
    {
        "province": "Bengkulu",
        "city": "Kabupaten Bengkulu Utara",
        "capital": "Arga Makmur",
        "sni_code": "AGM"
    },
    {
        "province": "Bengkulu",
        "city": "Kabupaten Kaur",
        "capital": "Bintuhan",
        "sni_code": "BHN"
    },
    {
        "province": "Bengkulu",
        "city": "Kabupaten Seluma",
        "capital": "Tais",
        "sni_code": "TAS"
    },
    {
        "province": "Bengkulu",
        "city": "Kabupaten Muko Muko",
        "capital": "Mukomuko",
        "sni_code": "MKM"
    },
    {
        "province": "Bengkulu",
        "city": "Kabupaten Lebong",
        "capital": "Tubei",
        "sni_code": "TUB"
    },
    {
        "province": "Bengkulu",
        "city": "Kabupaten Kepahiang",
        "capital": "Kepahiang",
        "sni_code": "KPH"
    },
    {
        "province": "Bengkulu",
        "city": "Kabupaten Bengkulu Tengah",
        "capital": "Karang Tinggi",
        "sni_code": "KRT"
    },
    {
        "province": "Bengkulu",
        "city": "Kota Bengkulu",
        "capital": "Bengkulu",
        "sni_code": "BGL"
    },
    {
        "province": "Lampung",
        "city": "Kabupaten Lampung Selatan",
        "capital": "Kalianda",
        "sni_code": "KLA"
    },
    {
        "province": "Lampung",
        "city": "Kabupaten Lampung Tengah",
        "capital": "Gunung Sugih",
        "sni_code": "GNS"
    },
    {
        "province": "Lampung",
        "city": "Kabupaten Lampung Utara",
        "capital": "Kotabumi",
        "sni_code": "KTB"
    },
    {
        "province": "Lampung",
        "city": "Kabupaten Lampung Barat",
        "capital": "Liwa",
        "sni_code": "LIW"
    },
    {
        "province": "Lampung",
        "city": "Kabupaten Tulang Bawang",
        "capital": "Menggala",
        "sni_code": "MGL"
    },
    {
        "province": "Lampung",
        "city": "Kabupaten Tanggamus",
        "capital": "Kota Agung",
        "sni_code": "KOT"
    },
    {
        "province": "Lampung",
        "city": "Kabupaten Lampung Timur",
        "capital": "Sukadana",
        "sni_code": "SDN"
    },
    {
        "province": "Lampung",
        "city": "Kabupaten Way Kanan",
        "capital": "Blambangan Umpu",
        "sni_code": "BBU"
    },
    {
        "province": "Lampung",
        "city": "Kabupaten Pesawaran",
        "capital": "Gedong Tataan",
        "sni_code": "GDT"
    },
    {
        "province": "Lampung",
        "city": "Kabupaten Pringsewu",
        "capital": "Pringsewu",
        "sni_code": "PRW"
    },
    {
        "province": "Lampung",
        "city": "Kabupaten Mesuji",
        "capital": "Mesuji",
        "sni_code": "MSJ"
    },
    {
        "province": "Lampung",
        "city": "Kabupaten Tulang Bawang Barat",
        "capital": "Tulang Bawang Tengah",
        "sni_code": "TWG"
    },
    {
        "province": "Lampung",
        "city": "Kota Bandar Lampung",
        "capital": "Bandar Lampung",
        "sni_code": "BDL"
    },
    {
        "province": "Lampung",
        "city": "Kota Metro",
        "capital": "Metro",
        "sni_code": "MET"
    },
    {
        "province": "Kepulauan Bangka Belitung",
        "city": "Kabupaten Bangka",
        "capital": "Sungai Liat",
        "sni_code": "SGL"
    },
    {
        "province": "Kepulauan Bangka Belitung",
        "city": "Kabupaten Belitung",
        "capital": "Tanjung Pandan",
        "sni_code": "TDN"
    },
    {
        "province": "Kepulauan Bangka Belitung",
        "city": "Kabupaten Bangka Selatan",
        "capital": "Toboali",
        "sni_code": "TBL"
    },
    {
        "province": "Kepulauan Bangka Belitung",
        "city": "Kabupaten Bangka Tengah",
        "capital": "Koba",
        "sni_code": "KBA"
    },
    {
        "province": "Kepulauan Bangka Belitung",
        "city": "Kabupaten Bangka Barat",
        "capital": "Mentok",
        "sni_code": "MTK"
    },
    {
        "province": "Kepulauan Bangka Belitung",
        "city": "Kabupaten Belitung Timur",
        "capital": "Manggar",
        "sni_code": "MGR"
    },
    {
        "province": "Kepulauan Bangka Belitung",
        "city": "Kota Pangkal Pinang",
        "capital": "Pangkal Pinang",
        "sni_code": "PGP"
    },
    {
        "province": "Kepulauan Riau",
        "city": "Kabupaten Bintan",
        "capital": "Bandar Seri Bentan",
        "sni_code": "BSB"
    },
    {
        "province": "Kepulauan Riau",
        "city": "Kabupaten Karimun",
        "capital": "Tanjung Balai Karimun",
        "sni_code": "TBK"
    },
    {
        "province": "Kepulauan Riau",
        "city": "Kabupaten Natuna",
        "capital": "Ranai",
        "sni_code": "RAN"
    },
    {
        "province": "Kepulauan Riau",
        "city": "Kabupaten Lingga",
        "capital": "Daik Lingga",
        "sni_code": "DKL"
    },
    {
        "province": "Kepulauan Riau",
        "city": "Kabupaten Kepulauan Anambas",
        "capital": "Tarempa",
        "sni_code": "TRP"
    },
    {
        "province": "Kepulauan Riau",
        "city": "Kota Batam",
        "capital": "Batam",
        "sni_code": "BTM"
    },
    {
        "province": "Kepulauan Riau",
        "city": "Kota Tanjung Pinang",
        "capital": "Tanjung Pinang",
        "sni_code": "TPG"
    },
    {
        "province": "Daerah Khusus Ibukota Jakarta",
        "city": "Kabupaten Adm. Kepulauan Seribu",
        "capital": "Kepulauan Seribu Utara",
        "sni_code": "KSU"
    },
    {
        "province": "Daerah Khusus Ibukota Jakarta",
        "city": "Kota Adm. Jakarta Pusat",
        "capital": "Tanah Abang",
        "sni_code": "TNA"
    },
    {
        "province": "Daerah Khusus Ibukota Jakarta",
        "city": "Kota Adm. Jakarta Utara",
        "capital": "Tanjungpriok",
        "sni_code": "TJP"
    },
    {
        "province": "Daerah Khusus Ibukota Jakarta",
        "city": "Kota Adm. Jakarta Barat",
        "capital": "Grogol Petamburan",
        "sni_code": "GGP"
    },
    {
        "province": "Daerah Khusus Ibukota Jakarta",
        "city": "Kota Adm. Jakarta Selatan",
        "capital": "Kebayoran Baru",
        "sni_code": "KYB"
    },
    {
        "province": "Daerah Khusus Ibukota Jakarta",
        "city": "Kota Adm. Jakarta Timur",
        "capital": "Cakung",
        "sni_code": "CKG"
    },
    {
        "province": "Jawa Barat",
        "city": "Kabupaten Bogor",
        "capital": "Cibinong",
        "sni_code": "CBI"
    },
    {
        "province": "Jawa Barat",
        "city": "Kabupaten Sukabumi",
        "capital": "Sukabumi",
        "sni_code": "SBM"
    },
    {
        "province": "Jawa Barat",
        "city": "Kabupaten Cianjur",
        "capital": "Cianjur",
        "sni_code": "CJR"
    },
    {
        "province": "Jawa Barat",
        "city": "Kabupaten Bandung",
        "capital": "Soreang",
        "sni_code": "SOR"
    },
    {
        "province": "Jawa Barat",
        "city": "Kabupaten Garut",
        "capital": "Garut",
        "sni_code": "GRT"
    },
    {
        "province": "Jawa Barat",
        "city": "Kabupaten Tasikmalaya",
        "capital": "Singaparna",
        "sni_code": "SPA"
    },
    {
        "province": "Jawa Barat",
        "city": "Kabupaten Ciamis",
        "capital": "Ciamis",
        "sni_code": "CMS"
    },
    {
        "province": "Jawa Barat",
        "city": "Kabupaten Kuningan",
        "capital": "Kuningan",
        "sni_code": "KNG"
    },
    {
        "province": "Jawa Barat",
        "city": "Kabupaten Cirebon",
        "capital": "Sumber",
        "sni_code": "SBR"
    },
    {
        "province": "Jawa Barat",
        "city": "Kabupaten Majalengka",
        "capital": "Majalengka",
        "sni_code": "MJL"
    },
    {
        "province": "Jawa Barat",
        "city": "Kabupaten Sumedang",
        "capital": "Sumedang",
        "sni_code": "SMD"
    },
    {
        "province": "Jawa Barat",
        "city": "Kabupaten Indramayu",
        "capital": "Indramayu",
        "sni_code": "IDM"
    },
    {
        "province": "Jawa Barat",
        "city": "Kabupaten Subang",
        "capital": "Subang",
        "sni_code": "SNG"
    },
    {
        "province": "Jawa Barat",
        "city": "Kabupaten Purwakarta",
        "capital": "Purwakarta",
        "sni_code": "PWK"
    },
    {
        "province": "Jawa Barat",
        "city": "Kabupaten Karawang",
        "capital": "Karawang",
        "sni_code": "KWG"
    },
    {
        "province": "Jawa Barat",
        "city": "Kabupaten Bekasi",
        "capital": "Cikarang",
        "sni_code": "CKR"
    },
    {
        "province": "Jawa Barat",
        "city": "Kabupaten Bandung Barat",
        "capital": "Ngamprah",
        "sni_code": "NPH"
    },
    {
        "province": "Jawa Barat",
        "city": "Kota Bogor",
        "capital": "Bogor",
        "sni_code": "BGR"
    },
    {
        "province": "Jawa Barat",
        "city": "Kota Sukabumi",
        "capital": "Sukabumi",
        "sni_code": "SKB"
    },
    {
        "province": "Jawa Barat",
        "city": "Kota Bandung",
        "capital": "Bandung",
        "sni_code": "BDG"
    },
    {
        "province": "Jawa Barat",
        "city": "Kota Cirebon",
        "capital": "Cirebon",
        "sni_code": "CBN"
    },
    {
        "province": "Jawa Barat",
        "city": "Kota Bekasi",
        "capital": "Bekasi",
        "sni_code": "BKS"
    },
    {
        "province": "Jawa Barat",
        "city": "Kota Depok",
        "capital": "Depok",
        "sni_code": "DPK"
    },
    {
        "province": "Jawa Barat",
        "city": "Kota Cimahi",
        "capital": "Cimahi",
        "sni_code": "CMH"
    },
    {
        "province": "Jawa Barat",
        "city": "Kota Tasikmalaya",
        "capital": "Tasikmalaya",
        "sni_code": "TSM"
    },
    {
        "province": "Jawa Barat",
        "city": "Kota Banjar",
        "capital": "Banjar",
        "sni_code": "BJR"
    },
    {
        "province": "Jawa Tengah",
        "city": "Kabupaten Cilacap",
        "capital": "Cilacap",
        "sni_code": "CLP"
    },
    {
        "province": "Jawa Tengah",
        "city": "Kabupaten Banyumas",
        "capital": "Purwokerto",
        "sni_code": "PWT"
    },
    {
        "province": "Jawa Tengah",
        "city": "Kabupaten Purbalingga",
        "capital": "Purbalingga",
        "sni_code": "PBG"
    },
    {
        "province": "Jawa Tengah",
        "city": "Kabupaten Banjarnegara",
        "capital": "Banjarnegara",
        "sni_code": "BNR"
    },
    {
        "province": "Jawa Tengah",
        "city": "Kabupaten Kebumen",
        "capital": "Kebumen",
        "sni_code": "KBM"
    },
    {
        "province": "Jawa Tengah",
        "city": "Kabupaten Purworejo",
        "capital": "Purworejo",
        "sni_code": "PWR"
    },
    {
        "province": "Jawa Tengah",
        "city": "Kabupaten Wonosobo",
        "capital": "Wonosobo",
        "sni_code": "WSB"
    },
    {
        "province": "Jawa Tengah",
        "city": "Kabupaten Magelang",
        "capital": "Mungkid",
        "sni_code": "MKD"
    },
    {
        "province": "Jawa Tengah",
        "city": "Kabupaten Boyolali",
        "capital": "Boyolali",
        "sni_code": "BYL"
    },
    {
        "province": "Jawa Tengah",
        "city": "Kabupaten Klaten",
        "capital": "Klaten",
        "sni_code": "KLN"
    },
    {
        "province": "Jawa Tengah",
        "city": "Kabupaten Sukoharjo",
        "capital": "Sukoharjo",
        "sni_code": "SKH"
    },
    {
        "province": "Jawa Tengah",
        "city": "Kabupaten Wonogiri",
        "capital": "Wonogiri",
        "sni_code": "WNG"
    },
    {
        "province": "Jawa Tengah",
        "city": "Kabupaten Karanganyar",
        "capital": "Karanganyar",
        "sni_code": "KRG"
    },
    {
        "province": "Jawa Tengah",
        "city": "Kabupaten Sragen",
        "capital": "Sragen",
        "sni_code": "SGN"
    },
    {
        "province": "Jawa Tengah",
        "city": "Kabupaten Grobogan",
        "capital": "Purwodadi",
        "sni_code": "PWD"
    },
    {
        "province": "Jawa Tengah",
        "city": "Kabupaten Blora",
        "capital": "Blora",
        "sni_code": "BLA"
    },
    {
        "province": "Jawa Tengah",
        "city": "Kabupaten Rembang",
        "capital": "Rembang",
        "sni_code": "RBG"
    },
    {
        "province": "Jawa Tengah",
        "city": "Kabupaten Pati",
        "capital": "Pati",
        "sni_code": "PTI"
    },
    {
        "province": "Jawa Tengah",
        "city": "Kabupaten Kudus",
        "capital": "Kudus",
        "sni_code": "KDS"
    },
    {
        "province": "Jawa Tengah",
        "city": "Kabupaten Jepara",
        "capital": "Jepara",
        "sni_code": "JPA"
    },
    {
        "province": "Jawa Tengah",
        "city": "Kabupaten Demak",
        "capital": "Demak",
        "sni_code": "DMK"
    },
    {
        "province": "Jawa Tengah",
        "city": "Kabupaten Semarang",
        "capital": "Ungaran",
        "sni_code": "UNR"
    },
    {
        "province": "Jawa Tengah",
        "city": "Kabupaten Temanggung",
        "capital": "Temanggung",
        "sni_code": "TMG"
    },
    {
        "province": "Jawa Tengah",
        "city": "Kabupaten Kendal",
        "capital": "Kendal",
        "sni_code": "KDL"
    },
    {
        "province": "Jawa Tengah",
        "city": "Kabupaten Batang",
        "capital": "Batang",
        "sni_code": "BTG"
    },
    {
        "province": "Jawa Tengah",
        "city": "Kabupaten Pekalongan",
        "capital": "Kajen",
        "sni_code": "KJN"
    },
    {
        "province": "Jawa Tengah",
        "city": "Kabupaten Pemalang",
        "capital": "Pemalang",
        "sni_code": "PML"
    },
    {
        "province": "Jawa Tengah",
        "city": "Kabupaten Tegal",
        "capital": "Slawi",
        "sni_code": "SLW"
    },
    {
        "province": "Jawa Tengah",
        "city": "Kabupaten Brebes",
        "capital": "Brebes",
        "sni_code": "BBS"
    },
    {
        "province": "Jawa Tengah",
        "city": "Kota Magelang",
        "capital": "Magelang",
        "sni_code": "MGG"
    },
    {
        "province": "Jawa Tengah",
        "city": "Kota Surakarta",
        "capital": "Surakarta",
        "sni_code": "SKT"
    },
    {
        "province": "Jawa Tengah",
        "city": "Kota Salatiga",
        "capital": "Salatiga",
        "sni_code": "SLT"
    },
    {
        "province": "Jawa Tengah",
        "city": "Kota Semarang",
        "capital": "Semarang",
        "sni_code": "SMG"
    },
    {
        "province": "Jawa Tengah",
        "city": "Kota Pekalongan",
        "capital": "Pekalongan",
        "sni_code": "PKL"
    },
    {
        "province": "Jawa Tengah",
        "city": "Kota Tegal",
        "capital": "Tegal",
        "sni_code": "TGL"
    },
    {
        "province": "Daerah Istimewa Yogyakarta",
        "city": "Kabupaten Kulon Progo",
        "capital": "Wates",
        "sni_code": "WAT"
    },
    {
        "province": "Daerah Istimewa Yogyakarta",
        "city": "Kabupaten Bantul",
        "capital": "Bantul",
        "sni_code": "BTL"
    },
    {
        "province": "Daerah Istimewa Yogyakarta",
        "city": "Kabupaten Gunung Kidul",
        "capital": "Wonosari",
        "sni_code": "WNO"
    },
    {
        "province": "Daerah Istimewa Yogyakarta",
        "city": "Kabupaten Sleman",
        "capital": "Sleman",
        "sni_code": "SMN"
    },
    {
        "province": "Daerah Istimewa Yogyakarta",
        "city": "Kota Yogyakarta",
        "capital": "Yogyakarta",
        "sni_code": "YYK"
    },
    {
        "province": "Jawa Timur",
        "city": "Kabupaten Pacitan",
        "capital": "Pacitan",
        "sni_code": "PCT"
    },
    {
        "province": "Jawa Timur",
        "city": "Kabupaten Ponorogo",
        "capital": "Ponorogo",
        "sni_code": "PNG"
    },
    {
        "province": "Jawa Timur",
        "city": "Kabupaten Trenggalek",
        "capital": "Trenggalek",
        "sni_code": "TRK"
    },
    {
        "province": "Jawa Timur",
        "city": "Kabupaten Tulungagung",
        "capital": "Tulungagung",
        "sni_code": "TLG"
    },
    {
        "province": "Jawa Timur",
        "city": "Kabupaten Blitar",
        "capital": "Kanigoro",
        "sni_code": "KNR"
    },
    {
        "province": "Jawa Timur",
        "city": "Kabupaten Kediri",
        "capital": "Kediri",
        "sni_code": "KDR"
    },
    {
        "province": "Jawa Timur",
        "city": "Kabupaten Malang",
        "capital": "Kepanjen",
        "sni_code": "KPN"
    },
    {
        "province": "Jawa Timur",
        "city": "Kabupaten Lumajang",
        "capital": "Lumajang",
        "sni_code": "LMJ"
    },
    {
        "province": "Jawa Timur",
        "city": "Kabupaten Jember",
        "capital": "Jember",
        "sni_code": "JMR"
    },
    {
        "province": "Jawa Timur",
        "city": "Kabupaten Banyuwangi",
        "capital": "Banyuwangi",
        "sni_code": "BYW"
    },
    {
        "province": "Jawa Timur",
        "city": "Kabupaten Bondowoso",
        "capital": "Bondowoso",
        "sni_code": "BDW"
    },
    {
        "province": "Jawa Timur",
        "city": "Kabupaten Situbondo",
        "capital": "Situbondo",
        "sni_code": "SIT"
    },
    {
        "province": "Jawa Timur",
        "city": "Kabupaten Probolinggo",
        "capital": "Kraksaan",
        "sni_code": "KRS"
    },
    {
        "province": "Jawa Timur",
        "city": "Kabupaten Pasuruan",
        "capital": "Pasuruan",
        "sni_code": "PSR"
    },
    {
        "province": "Jawa Timur",
        "city": "Kabupaten Sidoarjo",
        "capital": "Sidoarjo",
        "sni_code": "SDA"
    },
    {
        "province": "Jawa Timur",
        "city": "Kabupaten Mojokerto",
        "capital": "Mojokerto",
        "sni_code": "MJK"
    },
    {
        "province": "Jawa Timur",
        "city": "Kabupaten Jombang",
        "capital": "Jombang",
        "sni_code": "JBG"
    },
    {
        "province": "Jawa Timur",
        "city": "Kabupaten Nganjuk",
        "capital": "Nganjuk",
        "sni_code": "NJK"
    },
    {
        "province": "Jawa Timur",
        "city": "Kabupaten Madiun",
        "capital": "Mejayan",
        "sni_code": "MJY"
    },
    {
        "province": "Jawa Timur",
        "city": "Kabupaten Magetan",
        "capital": "Magetan",
        "sni_code": "MGT"
    },
    {
        "province": "Jawa Timur",
        "city": "Kabupaten Ngawi",
        "capital": "Ngawi",
        "sni_code": "NGW"
    },
    {
        "province": "Jawa Timur",
        "city": "Kabupaten Bojonegoro",
        "capital": "Bojonegoro",
        "sni_code": "BJN"
    },
    {
        "province": "Jawa Timur",
        "city": "Kabupaten Tuban",
        "capital": "Tuban",
        "sni_code": "TBN"
    },
    {
        "province": "Jawa Timur",
        "city": "Kabupaten Lamongan",
        "capital": "Lamongan",
        "sni_code": "LMG"
    },
    {
        "province": "Jawa Timur",
        "city": "Kabupaten Gresik",
        "capital": "Gresik",
        "sni_code": "GSK"
    },
    {
        "province": "Jawa Timur",
        "city": "Kabupaten Bangkalan",
        "capital": "Bangkalan",
        "sni_code": "BKL"
    },
    {
        "province": "Jawa Timur",
        "city": "Kabupaten Sampang",
        "capital": "Sampang",
        "sni_code": "SPG"
    },
    {
        "province": "Jawa Timur",
        "city": "Kabupaten Pamekasan",
        "capital": "Pamekasan",
        "sni_code": "PMK"
    },
    {
        "province": "Jawa Timur",
        "city": "Kabupaten Sumenep",
        "capital": "Sumenep",
        "sni_code": "SMP"
    },
    {
        "province": "Jawa Timur",
        "city": "Kota Kediri",
        "capital": "Kediri",
        "sni_code": "KDR"
    },
    {
        "province": "Jawa Timur",
        "city": "Kota Blitar",
        "capital": "Blitar",
        "sni_code": "BLT"
    },
    {
        "province": "Jawa Timur",
        "city": "Kota Malang",
        "capital": "Malang",
        "sni_code": "MLG"
    },
    {
        "province": "Jawa Timur",
        "city": "Kota Probolinggo",
        "capital": "Probolinggo",
        "sni_code": "PBL"
    },
    {
        "province": "Jawa Timur",
        "city": "Kota Pasuruan",
        "capital": "Pasuruan",
        "sni_code": "PSN"
    },
    {
        "province": "Jawa Timur",
        "city": "Kota Mojokerto",
        "capital": "Mojokerto",
        "sni_code": "MJK"
    },
    {
        "province": "Jawa Timur",
        "city": "Kota Madiun",
        "capital": "Madiun",
        "sni_code": "MAD"
    },
    {
        "province": "Jawa Timur",
        "city": "Kota Surabaya",
        "capital": "Surabaya",
        "sni_code": "SBY"
    },
    {
        "province": "Jawa Timur",
        "city": "Kota Batu",
        "capital": "Batu",
        "sni_code": "BTU"
    },
    {
        "province": "Banten",
        "city": "Kabupaten Pandeglang",
        "capital": "Pandeglang",
        "sni_code": "PDG"
    },
    {
        "province": "Banten",
        "city": "Kabupaten Lebak",
        "capital": "Rangkas Bitung",
        "sni_code": "RKB"
    },
    {
        "province": "Banten",
        "city": "Kabupaten Tangerang",
        "capital": "Tigaraksa",
        "sni_code": "TGR"
    },
    {
        "province": "Banten",
        "city": "Kabupaten Serang",
        "capital": "Serang",
        "sni_code": "SRG"
    },
    {
        "province": "Banten",
        "city": "Kota Tangerang",
        "capital": "Tangerang",
        "sni_code": "TNG"
    },
    {
        "province": "Banten",
        "city": "Kota Cilegon",
        "capital": "Cilegon",
        "sni_code": "CLG"
    },
    {
        "province": "Banten",
        "city": "Kota Serang",
        "capital": "Serang",
        "sni_code": "SRG"
    },
    {
        "province": "Banten",
        "city": "Kota Tangerang Selatan",
        "capital": "Ciputat",
        "sni_code": "CPT"
    },
    {
        "province": "Bali",
        "city": "Kabupaten Jembrana",
        "capital": "Negara",
        "sni_code": "NGA"
    },
    {
        "province": "Bali",
        "city": "Kabupaten Tabanan",
        "capital": "Tabanan",
        "sni_code": "TAB"
    },
    {
        "province": "Bali",
        "city": "Kabupaten Badung",
        "capital": "Mengwi",
        "sni_code": "MGW"
    },
    {
        "province": "Bali",
        "city": "Kabupaten Gianyar",
        "capital": "Gianyar",
        "sni_code": "GIN"
    },
    {
        "province": "Bali",
        "city": "Kabupaten Klungkung",
        "capital": "Semarapura",
        "sni_code": "SRP"
    },
    {
        "province": "Bali",
        "city": "Kabupaten Bangli",
        "capital": "Bangli",
        "sni_code": "BLI"
    },
    {
        "province": "Bali",
        "city": "Kabupaten Karangasem",
        "capital": "Karangasem",
        "sni_code": "KRA"
    },
    {
        "province": "Bali",
        "city": "Kabupaten Buleleng",
        "capital": "Singaraja",
        "sni_code": "SGR"
    },
    {
        "province": "Bali",
        "city": "Kota Denpasar",
        "capital": "Denpasar",
        "sni_code": "DPR"
    },
    {
        "province": "Nusa Tenggara Barat",
        "city": "Kabupaten Lombok Barat",
        "capital": "Gerung",
        "sni_code": "GRG"
    },
    {
        "province": "Nusa Tenggara Barat",
        "city": "Kabupaten Lombok Tengah",
        "capital": "Praya",
        "sni_code": "PYA"
    },
    {
        "province": "Nusa Tenggara Barat",
        "city": "Kabupaten Lombok Timur",
        "capital": "Selong",
        "sni_code": "SEL"
    },
    {
        "province": "Nusa Tenggara Barat",
        "city": "Kabupaten Sumbawa",
        "capital": "Sumbawa Besar",
        "sni_code": "SBW"
    },
    {
        "province": "Nusa Tenggara Barat",
        "city": "Kabupaten Dompu",
        "capital": "Dompu",
        "sni_code": "DPU"
    },
    {
        "province": "Nusa Tenggara Barat",
        "city": "Kabupaten Bima",
        "capital": "Woha",
        "sni_code": "WHO"
    },
    {
        "province": "Nusa Tenggara Barat",
        "city": "Kabupaten Sumbawa Barat",
        "capital": "Taliwang",
        "sni_code": "TLW"
    },
    {
        "province": "Nusa Tenggara Barat",
        "city": "Kabupaten Lombok Utara",
        "capital": "Tanjung",
        "sni_code": "TJN"
    },
    {
        "province": "Nusa Tenggara Barat",
        "city": "Kota Mataram",
        "capital": "Mataram",
        "sni_code": "MTR"
    },
    {
        "province": "Nusa Tenggara Barat",
        "city": "Kota Bima",
        "capital": "Bima",
        "sni_code": "BIM"
    },
    {
        "province": "Nusa Tenggara Timur",
        "city": "Kabupaten Kupang",
        "capital": "Kupang",
        "sni_code": "KPG"
    },
    {
        "province": "Nusa Tenggara Timur",
        "city": "Kabupaten Timor Tengah Selatan",
        "capital": "Soe",
        "sni_code": "SOE"
    },
    {
        "province": "Nusa Tenggara Timur",
        "city": "Kabupaten Timor Tengah Utara",
        "capital": "Kefamenanu",
        "sni_code": "KFM"
    },
    {
        "province": "Nusa Tenggara Timur",
        "city": "Kabupaten Belu",
        "capital": "Atambua",
        "sni_code": "ATB"
    },
    {
        "province": "Nusa Tenggara Timur",
        "city": "Kabupaten Alor",
        "capital": "Kalabahi",
        "sni_code": "KLB"
    },
    {
        "province": "Nusa Tenggara Timur",
        "city": "Kabupaten Flores Timur",
        "capital": "Larantuka",
        "sni_code": "LRT"
    },
    {
        "province": "Nusa Tenggara Timur",
        "city": "Kabupaten Sikka",
        "capital": "Maumere",
        "sni_code": "MME"
    },
    {
        "province": "Nusa Tenggara Timur",
        "city": "Kabupaten Ende",
        "capital": "Ende",
        "sni_code": "END"
    },
    {
        "province": "Nusa Tenggara Timur",
        "city": "Kabupaten Ngada",
        "capital": "Bajawa",
        "sni_code": "BJW"
    },
    {
        "province": "Nusa Tenggara Timur",
        "city": "Kabupaten Manggarai",
        "capital": "Ruteng",
        "sni_code": "RTG"
    },
    {
        "province": "Nusa Tenggara Timur",
        "city": "Kabupaten Sumba Timur",
        "capital": "Waingapu",
        "sni_code": "WGP"
    },
    {
        "province": "Nusa Tenggara Timur",
        "city": "Kabupaten Sumba Barat",
        "capital": "Waikabubak",
        "sni_code": "WKB"
    },
    {
        "province": "Nusa Tenggara Timur",
        "city": "Kabupaten Lembata",
        "capital": "Lewoleba",
        "sni_code": "LWL"
    },
    {
        "province": "Nusa Tenggara Timur",
        "city": "Kabupaten Rote Ndao",
        "capital": "Baa",
        "sni_code": "BAA"
    },
    {
        "province": "Nusa Tenggara Timur",
        "city": "Kabupaten Manggarai Barat",
        "capital": "Labuan Bajo",
        "sni_code": "LBJ"
    },
    {
        "province": "Nusa Tenggara Timur",
        "city": "Kabupaten Nagekeo",
        "capital": "Mbay",
        "sni_code": "MBY"
    },
    {
        "province": "Nusa Tenggara Timur",
        "city": "Kabupaten Sumba Tengah",
        "capital": "Waibakul",
        "sni_code": "WBL"
    },
    {
        "province": "Nusa Tenggara Timur",
        "city": "Kabupaten Sumba Barat Daya",
        "capital": "Tambolaka",
        "sni_code": "TAM"
    },
    {
        "province": "Nusa Tenggara Timur",
        "city": "Kabupaten Manggarai Timur",
        "capital": "Borong",
        "sni_code": "BRG"
    },
    {
        "province": "Nusa Tenggara Timur",
        "city": "Kabupaten Sabu Raijua",
        "capital": "Sabu Barat",
        "sni_code": "SBB"
    },
    {
        "province": "Nusa Tenggara Timur",
        "city": "Kota Kupang",
        "capital": "Kupang",
        "sni_code": "KPG"
    },
    {
        "province": "Kalimantan Barat",
        "city": "Kabupaten Sambas",
        "capital": "Sambas",
        "sni_code": "SBS"
    },
    {
        "province": "Kalimantan Barat",
        "city": "Kabupaten Pontianak",
        "capital": "Mempawah",
        "sni_code": "MPW"
    },
    {
        "province": "Kalimantan Barat",
        "city": "Kabupaten Sanggau",
        "capital": "Sanggau",
        "sni_code": "SAG"
    },
    {
        "province": "Kalimantan Barat",
        "city": "Kabupaten Ketapang",
        "capital": "Ketapang",
        "sni_code": "KTP"
    },
    {
        "province": "Kalimantan Barat",
        "city": "Kabupaten Sintang",
        "capital": "Sintang",
        "sni_code": "STG"
    },
    {
        "province": "Kalimantan Barat",
        "city": "Kabupaten Kapuas Hulu",
        "capital": "Putussibau",
        "sni_code": "PTS"
    },
    {
        "province": "Kalimantan Barat",
        "city": "Kabupaten Bengkayang",
        "capital": "Bengkayang",
        "sni_code": "BEK"
    },
    {
        "province": "Kalimantan Barat",
        "city": "Kabupaten Landak",
        "capital": "Ngabang",
        "sni_code": "NBA"
    },
    {
        "province": "Kalimantan Barat",
        "city": "Kabupaten Sekadau",
        "capital": "Sekadau",
        "sni_code": "SED"
    },
    {
        "province": "Kalimantan Barat",
        "city": "Kabupaten Melawi",
        "capital": "Nanga Pinoh",
        "sni_code": "NGP"
    },
    {
        "province": "Kalimantan Barat",
        "city": "Kabupaten Kayong Utara",
        "capital": "Sukadane",
        "sni_code": "SKD"
    },
    {
        "province": "Kalimantan Barat",
        "city": "Kabupaten Kubu Raya",
        "capital": "Sungai Raya",
        "sni_code": "SRY"
    },
    {
        "province": "Kalimantan Barat",
        "city": "Kota Pontianak",
        "capital": "Pontianak",
        "sni_code": "PTK"
    },
    {
        "province": "Kalimantan Barat",
        "city": "Kota Singkawang",
        "capital": "Singkawang",
        "sni_code": "SKW"
    },
    {
        "province": "Kalimantan Tengah",
        "city": "Kabupaten Kotawaringin Barat",
        "capital": "Pangkalan Bun",
        "sni_code": "PBU"
    },
    {
        "province": "Kalimantan Tengah",
        "city": "Kabupaten Kotawaringin Timur",
        "capital": "Sampit",
        "sni_code": "SPT"
    },
    {
        "province": "Kalimantan Tengah",
        "city": "Kabupaten Kapuas",
        "capital": "Kuala Kapuas",
        "sni_code": "KLK"
    },
    {
        "province": "Kalimantan Tengah",
        "city": "Kabupaten Barito Selatan",
        "capital": "Buntok",
        "sni_code": "BNT"
    },
    {
        "province": "Kalimantan Tengah",
        "city": "Kabupaten Barito Utara",
        "capital": "Muara Teweh",
        "sni_code": "MTW"
    },
    {
        "province": "Kalimantan Tengah",
        "city": "Kabupaten Katingan",
        "capital": "Kasongan",
        "sni_code": "KSN"
    },
    {
        "province": "Kalimantan Tengah",
        "city": "Kabupaten Seruyan",
        "capital": "Kuala Pembuang",
        "sni_code": "KLP"
    },
    {
        "province": "Kalimantan Tengah",
        "city": "Kabupaten Sukamara",
        "capital": "Sukamara",
        "sni_code": "SKR"
    },
    {
        "province": "Kalimantan Tengah",
        "city": "Kabupaten Lamandau",
        "capital": "Nanga Bulik",
        "sni_code": "NGB"
    },
    {
        "province": "Kalimantan Tengah",
        "city": "Kabupaten Gunung Mas",
        "capital": "Kuala Kurun",
        "sni_code": "KKN"
    },
    {
        "province": "Kalimantan Tengah",
        "city": "Kabupaten Pulang Pisau",
        "capital": "Pulang Pisau",
        "sni_code": "PPS"
    },
    {
        "province": "Kalimantan Tengah",
        "city": "Kabupaten Murung Raya",
        "capital": "Puruk Cahu",
        "sni_code": "PRC"
    },
    {
        "province": "Kalimantan Tengah",
        "city": "Kabupaten Barito Timur",
        "capital": "Tamiang Layang",
        "sni_code": "TML"
    },
    {
        "province": "Kalimantan Tengah",
        "city": "Kota Palangkaraya",
        "capital": "Palangkaraya",
        "sni_code": "PLK"
    },
    {
        "province": "Kalimantan Selatan",
        "city": "Kabupaten Tanah Laut",
        "capital": "Pelaihari",
        "sni_code": "PLI"
    },
    {
        "province": "Kalimantan Selatan",
        "city": "Kabupaten Kotabaru",
        "capital": "Kotabaru",
        "sni_code": "KBR"
    },
    {
        "province": "Kalimantan Selatan",
        "city": "Kabupaten Banjar",
        "capital": "Martapura",
        "sni_code": "MTP"
    },
    {
        "province": "Kalimantan Selatan",
        "city": "Kabupaten Barito Kuala",
        "capital": "Marabahan",
        "sni_code": "MRH"
    },
    {
        "province": "Kalimantan Selatan",
        "city": "Kabupaten Tapin",
        "capital": "Rantau",
        "sni_code": "RTA"
    },
    {
        "province": "Kalimantan Selatan",
        "city": "Kabupaten Hulu Sungai Selatan",
        "capital": "Kandangan",
        "sni_code": "KGN"
    },
    {
        "province": "Kalimantan Selatan",
        "city": "Kabupaten Hulu Sungai Tengah",
        "capital": "Barabai",
        "sni_code": "BRB"
    },
    {
        "province": "Kalimantan Selatan",
        "city": "Kabupaten Hulu Sungai Utara",
        "capital": "Amuntai",
        "sni_code": "AMT"
    },
    {
        "province": "Kalimantan Selatan",
        "city": "Kabupaten Tabalong",
        "capital": "Tanjung",
        "sni_code": "TJG"
    },
    {
        "province": "Kalimantan Selatan",
        "city": "Kabupaten Tanah Bumbu",
        "capital": "Batulicin",
        "sni_code": "BLN"
    },
    {
        "province": "Kalimantan Selatan",
        "city": "Kabupaten Balangan",
        "capital": "Paringin",
        "sni_code": "PRN"
    },
    {
        "province": "Kalimantan Selatan",
        "city": "Kota Banjarmasin",
        "capital": "Banjarmasin",
        "sni_code": "BJM"
    },
    {
        "province": "Kalimantan Selatan",
        "city": "Kota Banjarbaru",
        "capital": "Banjarbaru",
        "sni_code": "BJB"
    },
    {
        "province": "Kalimantan Timur",
        "city": "Kabupaten Paser",
        "capital": "Tanah Grogot",
        "sni_code": "TGT"
    },
    {
        "province": "Kalimantan Timur",
        "city": "Kabupaten Kutai Kertanegara",
        "capital": "Tenggarong",
        "sni_code": "TRG"
    },
    {
        "province": "Kalimantan Timur",
        "city": "Kabupaten Berau",
        "capital": "Tanjung Redeb",
        "sni_code": "TNR"
    },
    {
        "province": "Kalimantan Timur",
        "city": "Kabupaten Bulungan",
        "capital": "Tanjung Selor",
        "sni_code": "TJS"
    },
    {
        "province": "Kalimantan Timur",
        "city": "Kabupaten Nunukan",
        "capital": "Nunukan",
        "sni_code": "NNK"
    },
    {
        "province": "Kalimantan Timur",
        "city": "Kabupaten Malinau",
        "capital": "Malinau",
        "sni_code": "MLN"
    },
    {
        "province": "Kalimantan Timur",
        "city": "Kabupaten Kutai Barat",
        "capital": "Sendawar",
        "sni_code": "SDW"
    },
    {
        "province": "Kalimantan Timur",
        "city": "Kabupaten Kutai Timur",
        "capital": "Sanggatta",
        "sni_code": "SGT"
    },
    {
        "province": "Kalimantan Timur",
        "city": "Kabupaten Penajam Paser Utara",
        "capital": "Penajam",
        "sni_code": "PNJ"
    },
    {
        "province": "Kalimantan Timur",
        "city": "Kabupaten Tana Tidung",
        "capital": "Tideng Pale",
        "sni_code": "TDP"
    },
    {
        "province": "Kalimantan Timur",
        "city": "Kota Balikpapan",
        "capital": "Balikpapan",
        "sni_code": "BPP"
    },
    {
        "province": "Kalimantan Timur",
        "city": "Kota Samarinda",
        "capital": "Samarinda",
        "sni_code": "SMR"
    },
    {
        "province": "Kalimantan Timur",
        "city": "Kota Tarakan",
        "capital": "Tarakan",
        "sni_code": "TAR"
    },
    {
        "province": "Kalimantan Timur",
        "city": "Kota Bontang",
        "capital": "Bontang",
        "sni_code": "BON"
    },
    {
        "province": "Sulawesi Utara",
        "city": "Kabupaten Bolaang Mongondow",
        "capital": "Lolak",
        "sni_code": "LLK"
    },
    {
        "province": "Sulawesi Utara",
        "city": "Kabupaten Minahasa",
        "capital": "Tondano",
        "sni_code": "TNN"
    },
    {
        "province": "Sulawesi Utara",
        "city": "Kabupaten Kepulauan Sangihe",
        "capital": "Tahuna",
        "sni_code": "THN"
    },
    {
        "province": "Sulawesi Utara",
        "city": "Kabupaten Kepulauan Talaud",
        "capital": "Melongguane",
        "sni_code": "MGN"
    },
    {
        "province": "Sulawesi Utara",
        "city": "Kabupaten Minahasa Selatan",
        "capital": "Amurang",
        "sni_code": "AMR"
    },
    {
        "province": "Sulawesi Utara",
        "city": "Kabupaten Minahasa Utara",
        "capital": "Air Madidi",
        "sni_code": "ARM"
    },
    {
        "province": "Sulawesi Utara",
        "city": "Kabupaten Minahasa Tenggara",
        "capital": "Ratahan",
        "sni_code": "RTN"
    },
    {
        "province": "Sulawesi Utara",
        "city": "Kabupaten Bolaang Mongondow Utara",
        "capital": "Boroko",
        "sni_code": "BRK"
    },
    {
        "province": "Sulawesi Utara",
        "city": "Kabupaten Kepulauan Siau Tagulandang Biaro",
        "capital": "Ondong Siau",
        "sni_code": "ODS"
    },
    {
        "province": "Sulawesi Utara",
        "city": "Kabupaten Bolaang Mongondow Timur",
        "capital": "Tutuyan",
        "sni_code": "TTY"
    },
    {
        "province": "Sulawesi Utara",
        "city": "Kabupaten Bolaang Mongondow Selatan",
        "capital": "Bolaang Uki",
        "sni_code": "BLU"
    },
    {
        "province": "Sulawesi Utara",
        "city": "Kota Manado",
        "capital": "Manado",
        "sni_code": "MND"
    },
    {
        "province": "Sulawesi Utara",
        "city": "Kota Bitung",
        "capital": "Bitung",
        "sni_code": "BIT"
    },
    {
        "province": "Sulawesi Utara",
        "city": "Kota Tomohon",
        "capital": "Tomohon",
        "sni_code": "TMH"
    },
    {
        "province": "Sulawesi Utara",
        "city": "Kota Kotamobagu",
        "capital": "Kotamobagu",
        "sni_code": "KTG"
    },
    {
        "province": "Sulawesi Tengah",
        "city": "Kabupaten Banggai",
        "capital": "Luwuk",
        "sni_code": "LWK"
    },
    {
        "province": "Sulawesi Tengah",
        "city": "Kabupaten Poso",
        "capital": "Poso",
        "sni_code": "PSO"
    },
    {
        "province": "Sulawesi Tengah",
        "city": "Kabupaten Donggala",
        "capital": "Donggala",
        "sni_code": "DGL"
    },
    {
        "province": "Sulawesi Tengah",
        "city": "Kabupaten Toli Toli",
        "capital": "Toli Toli",
        "sni_code": "TLI"
    },
    {
        "province": "Sulawesi Tengah",
        "city": "Kabupaten Buol",
        "capital": "Buol",
        "sni_code": "BUL"
    },
    {
        "province": "Sulawesi Tengah",
        "city": "Kabupaten Morowali",
        "capital": "Bungku",
        "sni_code": "BGK"
    },
    {
        "province": "Sulawesi Tengah",
        "city": "Kabupaten Banggai Kepulauan",
        "capital": "Salakan",
        "sni_code": "SKN"
    },
    {
        "province": "Sulawesi Tengah",
        "city": "Kabupaten Parigi Moutong",
        "capital": "Parigi",
        "sni_code": "PRG"
    },
    {
        "province": "Sulawesi Tengah",
        "city": "Kabupaten Tojo Una Una",
        "capital": "Ampana",
        "sni_code": "APN"
    },
    {
        "province": "Sulawesi Tengah",
        "city": "Kabupaten Sigi",
        "capital": "Sigi Biromaru",
        "sni_code": "SGB"
    },
    {
        "province": "Sulawesi Tengah",
        "city": "Kota Palu",
        "capital": "Palu",
        "sni_code": "PAL"
    },
    {
        "province": "Sulawesi Selatan",
        "city": "Kabupaten Kepulauan Selayar",
        "capital": "Benteng",
        "sni_code": "BEN"
    },
    {
        "province": "Sulawesi Selatan",
        "city": "Kabupaten Bulukumba",
        "capital": "Bulukumba",
        "sni_code": "BLK"
    },
    {
        "province": "Sulawesi Selatan",
        "city": "Kabupaten Bantaeng",
        "capital": "Bantaeng",
        "sni_code": "BAN"
    },
    {
        "province": "Sulawesi Selatan",
        "city": "Kabupaten Jeneponto",
        "capital": "Jeneponto",
        "sni_code": "JNP"
    },
    {
        "province": "Sulawesi Selatan",
        "city": "Kabupaten Takalar",
        "capital": "Takalar",
        "sni_code": "TKA"
    },
    {
        "province": "Sulawesi Selatan",
        "city": "Kabupaten Gowa",
        "capital": "Sungguminasa",
        "sni_code": "SGM"
    },
    {
        "province": "Sulawesi Selatan",
        "city": "Kabupaten Sinjai",
        "capital": "Sinjai",
        "sni_code": "SNJ"
    },
    {
        "province": "Sulawesi Selatan",
        "city": "Kabupaten Bone",
        "capital": "Watampone",
        "sni_code": "WTP"
    },
    {
        "province": "Sulawesi Selatan",
        "city": "Kabupaten Maros",
        "capital": "Maros",
        "sni_code": "MRS"
    },
    {
        "province": "Sulawesi Selatan",
        "city": "Kabupaten Pangkajene Kepulauan",
        "capital": "Pangkajene",
        "sni_code": "PKJ"
    },
    {
        "province": "Sulawesi Selatan",
        "city": "Kabupaten Barru",
        "capital": "Barru",
        "sni_code": "BAR"
    },
    {
        "province": "Sulawesi Selatan",
        "city": "Kabupaten Soppeng",
        "capital": "Watan Soppeng",
        "sni_code": "WNS"
    },
    {
        "province": "Sulawesi Selatan",
        "city": "Kabupaten Wajo",
        "capital": "Sengkang",
        "sni_code": "SKG"
    },
    {
        "province": "Sulawesi Selatan",
        "city": "Kabupaten Sidenreng Rappang",
        "capital": "Sidenreng",
        "sni_code": "SDR"
    },
    {
        "province": "Sulawesi Selatan",
        "city": "Kabupaten Pinrang",
        "capital": "Pinrang",
        "sni_code": "PIN"
    },
    {
        "province": "Sulawesi Selatan",
        "city": "Kabupaten Enrekang",
        "capital": "Enrekang",
        "sni_code": "ENR"
    },
    {
        "province": "Sulawesi Selatan",
        "city": "Kabupaten Luwu",
        "capital": "Palopo",
        "sni_code": "PLP"
    },
    {
        "province": "Sulawesi Selatan",
        "city": "Kabupaten Tana Toraja",
        "capital": "Makale",
        "sni_code": "MAK"
    },
    {
        "province": "Sulawesi Selatan",
        "city": "Kabupaten Luwu Utara",
        "capital": "Masamba",
        "sni_code": "MSB"
    },
    {
        "province": "Sulawesi Selatan",
        "city": "Kabupaten Luwu Timur",
        "capital": "Malili",
        "sni_code": "MLL"
    },
    {
        "province": "Sulawesi Selatan",
        "city": "Kabupaten Toraja Utara",
        "capital": "Rantepao",
        "sni_code": "RTP"
    },
    {
        "province": "Sulawesi Selatan",
        "city": "Kota Makassar",
        "capital": "Makassar",
        "sni_code": "MKS"
    },
    {
        "province": "Sulawesi Selatan",
        "city": "Kota Pare Pare",
        "capital": "Pare Pare",
        "sni_code": "PRE"
    },
    {
        "province": "Sulawesi Selatan",
        "city": "Kota Palopo",
        "capital": "Palopo",
        "sni_code": "PLP"
    },
    {
        "province": "Sulawesi Tenggara",
        "city": "Kabupaten Kolaka",
        "capital": "Kolaka",
        "sni_code": "KKA"
    },
    {
        "province": "Sulawesi Tenggara",
        "city": "Kabupaten Konawe",
        "capital": "Unaaha",
        "sni_code": "UNH"
    },
    {
        "province": "Sulawesi Tenggara",
        "city": "Kabupaten Muna",
        "capital": "Raha",
        "sni_code": "RAH"
    },
    {
        "province": "Sulawesi Tenggara",
        "city": "Kabupaten Buton",
        "capital": "Pasar Wajo",
        "sni_code": "PSW"
    },
    {
        "province": "Sulawesi Tenggara",
        "city": "Kabupaten Konawe Selatan",
        "capital": "Andoolo",
        "sni_code": "ADL"
    },
    {
        "province": "Sulawesi Tenggara",
        "city": "Kabupaten Bombana",
        "capital": "Rumbia",
        "sni_code": "RMB"
    },
    {
        "province": "Sulawesi Tenggara",
        "city": "Kabupaten Wakatobi",
        "capital": "Wangi Wangi",
        "sni_code": "WGW"
    },
    {
        "province": "Sulawesi Tenggara",
        "city": "Kabupaten Kolaka Utara",
        "capital": "Lasusua",
        "sni_code": "LSS"
    },
    {
        "province": "Sulawesi Tenggara",
        "city": "Kabupaten Konawe Utara",
        "capital": "Wanggudu",
        "sni_code": "WGD"
    },
    {
        "province": "Sulawesi Tenggara",
        "city": "Kabupaten Buton Utara",
        "capital": "Buranga",
        "sni_code": "BNG"
    },
    {
        "province": "Sulawesi Tenggara",
        "city": "Kota Kendari",
        "capital": "Kendari",
        "sni_code": "KDI"
    },
    {
        "province": "Sulawesi Tenggara",
        "city": "Kota Bau Bau",
        "capital": "Bau-Bau",
        "sni_code": "BAU"
    },
    {
        "province": "Gorontalo",
        "city": "Kabupaten Gorontalo",
        "capital": "Gorontalo",
        "sni_code": "GTO"
    },
    {
        "province": "Gorontalo",
        "city": "Kabupaten Boalemo",
        "capital": "Tilamuta",
        "sni_code": "TMT"
    },
    {
        "province": "Gorontalo",
        "city": "Kabupaten Bone Bolango",
        "capital": "Suwawa",
        "sni_code": "SWW"
    },
    {
        "province": "Gorontalo",
        "city": "Kabupaten Pahuwato",
        "capital": "Marisa",
        "sni_code": "MAR"
    },
    {
        "province": "Gorontalo",
        "city": "Kabupaten Gorontalo Utara",
        "capital": "Kwandang",
        "sni_code": "KWD"
    },
    {
        "province": "Gorontalo",
        "city": "Kota Gorontalo",
        "capital": "Gorontalo",
        "sni_code": "GTO"
    },
    {
        "province": "Sulawesi Barat",
        "city": "Kabupaten Mamuju Utara",
        "capital": "Pasangkayu",
        "sni_code": "PKY"
    },
    {
        "province": "Sulawesi Barat",
        "city": "Kabupaten Mamuju",
        "capital": "Mamuju",
        "sni_code": "MAM"
    },
    {
        "province": "Sulawesi Barat",
        "city": "Kabupaten Mamasa",
        "capital": "Mamasa",
        "sni_code": "MMS"
    },
    {
        "province": "Sulawesi Barat",
        "city": "Kabupaten Polewali Mandar",
        "capital": "Polewali",
        "sni_code": "PLW"
    },
    {
        "province": "Sulawesi Barat",
        "city": "Kabupaten Majene",
        "capital": "Majene",
        "sni_code": "MJN"
    },
    {
        "province": "Maluku",
        "city": "Kabupaten Maluku Tengah",
        "capital": "Masohi",
        "sni_code": "MSH"
    },
    {
        "province": "Maluku",
        "city": "Kabupaten Maluku Tenggara",
        "capital": "Tual",
        "sni_code": "TUL"
    },
    {
        "province": "Maluku",
        "city": "Kabupaten Maluku Tenggara Barat",
        "capital": "Saumlaki",
        "sni_code": "SML"
    },
    {
        "province": "Maluku",
        "city": "Kabupaten Buru",
        "capital": "Namlea",
        "sni_code": "NLA"
    },
    {
        "province": "Maluku",
        "city": "Kabupaten Seram Bagian Timur",
        "capital": "Dataran Hunimoa",
        "sni_code": "DTH"
    },
    {
        "province": "Maluku",
        "city": "Kabupaten Seram Bagian Barat",
        "capital": "Dataran Hunipopu",
        "sni_code": "DRH"
    },
    {
        "province": "Maluku",
        "city": "Kabupaten Kepulauan Aru",
        "capital": "Dobo",
        "sni_code": "DOB"
    },
    {
        "province": "Maluku",
        "city": "Kabupaten Maluku Barat Daya",
        "capital": "Tiakur",
        "sni_code": "TKR"
    },
    {
        "province": "Maluku",
        "city": "Kabupaten Buru Selatan",
        "capital": "Namrole",
        "sni_code": "NMR"
    },
    {
        "province": "Maluku",
        "city": "Kota Ambon",
        "capital": "Ambon",
        "sni_code": "AMB"
    },
    {
        "province": "Maluku",
        "city": "Kota Tual",
        "capital": "Tual",
        "sni_code": "TUL"
    },
    {
        "province": "Maluku Utara",
        "city": "Kabupaten Halmahera Barat",
        "capital": "Jailolo",
        "sni_code": "JLL"
    },
    {
        "province": "Maluku Utara",
        "city": "Kabupaten Halmahera Tengah",
        "capital": "Weda",
        "sni_code": "WED"
    },
    {
        "province": "Maluku Utara",
        "city": "Kabupaten Halmahera Utara",
        "capital": "Tobelo",
        "sni_code": "TOB"
    },
    {
        "province": "Maluku Utara",
        "city": "Kabupaten Halmahera Selatan",
        "capital": "Labuha",
        "sni_code": "LBA"
    },
    {
        "province": "Maluku Utara",
        "city": "Kabupaten Kepulauan Sula",
        "capital": "Sanana",
        "sni_code": "SNN"
    },
    {
        "province": "Maluku Utara",
        "city": "Kabupaten Halmahera Timur",
        "capital": "Maba",
        "sni_code": "MAB"
    },
    {
        "province": "Maluku Utara",
        "city": "Kabupaten Pulau Morotai",
        "capital": "Morotai Selatan",
        "sni_code": "MTS"
    },
    {
        "province": "Maluku Utara",
        "city": "Kota Ternate",
        "capital": "Ternate",
        "sni_code": "TTE"
    },
    {
        "province": "Maluku Utara",
        "city": "Kota Tidore Kepulauan",
        "capital": "Tidore",
        "sni_code": "TDR"
    },
    {
        "province": "Papua",
        "city": "Kabupaten Merauke",
        "capital": "Merauke",
        "sni_code": "MRK"
    },
    {
        "province": "Papua",
        "city": "Kabupaten Jayawijaya",
        "capital": "Wamena",
        "sni_code": "WAM"
    },
    {
        "province": "Papua",
        "city": "Kabupaten Jayapura",
        "capital": "Jayapura",
        "sni_code": "JAP"
    },
    {
        "province": "Papua",
        "city": "Kabupaten Nabire",
        "capital": "Nabire",
        "sni_code": "NAB"
    },
    {
        "province": "Papua",
        "city": "Kabupaten Kepulauan Yapen",
        "capital": "Serui",
        "sni_code": "SRU"
    },
    {
        "province": "Papua",
        "city": "Kabupaten Biak Numfor",
        "capital": "Biak",
        "sni_code": "BIK"
    },
    {
        "province": "Papua",
        "city": "Kabupaten Puncak Jaya",
        "capital": "Mulia",
        "sni_code": "MUL"
    },
    {
        "province": "Papua",
        "city": "Kabupaten Paniai",
        "capital": "Enarotali",
        "sni_code": "ERT"
    },
    {
        "province": "Papua",
        "city": "Kabupaten Mimika",
        "capital": "Timika",
        "sni_code": "TIM"
    },
    {
        "province": "Papua",
        "city": "Kabupaten Sarmi",
        "capital": "Sarmi",
        "sni_code": "SMI"
    },
    {
        "province": "Papua",
        "city": "Kabupaten Keerom",
        "capital": "Waris",
        "sni_code": "WRS"
    },
    {
        "province": "Papua",
        "city": "Kabupaten Pegunungan Bintang",
        "capital": "Oksibil",
        "sni_code": "OSB"
    },
    {
        "province": "Papua",
        "city": "Kabupaten Yahukimo",
        "capital": "Sumohai",
        "sni_code": "SMH"
    },
    {
        "province": "Papua",
        "city": "Kabupaten Tolikara",
        "capital": "Karubaga",
        "sni_code": "KBG"
    },
    {
        "province": "Papua",
        "city": "Kabupaten Waropen",
        "capital": "Botawa",
        "sni_code": "BTW"
    },
    {
        "province": "Papua",
        "city": "Kabupaten Boven Digoel",
        "capital": "Tanah Merah",
        "sni_code": "TMR"
    },
    {
        "province": "Papua",
        "city": "Kabupaten Mappi",
        "capital": "Kepi",
        "sni_code": "KEP"
    },
    {
        "province": "Papua",
        "city": "Kabupaten Asmat",
        "capital": "Agats",
        "sni_code": "AGT"
    },
    {
        "province": "Papua",
        "city": "Kabupaten Supiori",
        "capital": "Sorendiweri",
        "sni_code": "SRW"
    },
    {
        "province": "Papua",
        "city": "Kabupaten Mamberamo Raya",
        "capital": "Burmeso",
        "sni_code": "BRM"
    },
    {
        "province": "Papua",
        "city": "Kabupaten Mamberamo Tengah",
        "capital": "Kobakma",
        "sni_code": "KBK"
    },
    {
        "province": "Papua",
        "city": "Kabupaten Yalimo",
        "capital": "Elelim",
        "sni_code": "ELL"
    },
    {
        "province": "Papua",
        "city": "Kabupaten Lanny Jaya",
        "capital": "Tiom",
        "sni_code": "TOM"
    },
    {
        "province": "Papua",
        "city": "Kabupaten Nduga",
        "capital": "Kenyam",
        "sni_code": "KYM"
    },
    {
        "province": "Papua",
        "city": "Kabupaten Puncak",
        "capital": "Ilaga",
        "sni_code": "ILG"
    },
    {
        "province": "Papua",
        "city": "Kabupaten Dogiyai",
        "capital": "Kigamani",
        "sni_code": "KGM"
    },
    {
        "province": "Papua",
        "city": "Kabupaten Intan Jaya",
        "capital": "Sugapa",
        "sni_code": "SGP"
    },
    {
        "province": "Papua",
        "city": "Kabupaten Deiyai",
        "capital": "Tigi",
        "sni_code": "TIG"
    },
    {
        "province": "Papua",
        "city": "Kota Jayapura",
        "capital": "Jayapura",
        "sni_code": "JAP"
    },
    {
        "province": "Papua Barat",
        "city": "Kabupaten Sorong",
        "capital": "Aimas",
        "sni_code": "AMS"
    },
    {
        "province": "Papua Barat",
        "city": "Kabupaten Manokwari",
        "capital": "Manokwari",
        "sni_code": "MNK"
    },
    {
        "province": "Papua Barat",
        "city": "Kabupaten Fak Fak",
        "capital": "Fak Fak",
        "sni_code": "FFK"
    },
    {
        "province": "Papua Barat",
        "city": "Kabupaten Sorong Selatan",
        "capital": "Teminabuan",
        "sni_code": "TMB"
    },
    {
        "province": "Papua Barat",
        "city": "Kabupaten Raja Ampat",
        "capital": "Waisai",
        "sni_code": "WAS"
    },
    {
        "province": "Papua Barat",
        "city": "Kabupaten Teluk Bintuni",
        "capital": "Bintuni",
        "sni_code": "BTI"
    },
    {
        "province": "Papua Barat",
        "city": "Kabupaten Teluk Wondama",
        "capital": "Rasiei",
        "sni_code": "RAS"
    },
    {
        "province": "Papua Barat",
        "city": "Kabupaten Kaimana",
        "capital": "Kaimana",
        "sni_code": "KMN"
    },
    {
        "province": "Papua Barat",
        "city": "Kabupaten Tambrauw",
        "capital": "Fef",
        "sni_code": "FEF"
    },
    {
        "province": "Papua Barat",
        "city": "Kabupaten Maybrat",
        "capital": "Aifat",
        "sni_code": "AFT"
    },
    {
        "province": "Papua Barat",
        "city": "Kota Sorong",
        "capital": "Sorong",
        "sni_code": "SON"
    },
    {
        "province": "",
        "city": "",
        "capital": "",
        "sni_code": "\n"
    }
]